metrics,total_pos_label
"[('True Negtaives', 17), ('False Positives', 15570), ('False Negtaives', 1), ('True Positives', 1082), ('Accuracy', 0.06592681463707259), ('Precision', 0.06497717991832813), ('Recall', 0.9990766389658357), ('F1 Score', 0.1220186072737525), ('Specificity', 0.0010906524667992558), ('NPV', 0.9444444444444444), ('FPR', 0.9989093475332007), ('FDR', 0.9350228200816719), ('MCC', 0.0012554509299037048), ('Confusion Matrix', (17, 15570, 1, 1082)), ('ROC_AUC', 0.839318237651105), ('AUCPR', 0.5785659714895132)]",1083
