metrics,total_pos_label
"[('True Negtaives', 13282), ('False Positives', 2305), ('False Negtaives', 1033), ('True Positives', 50), ('Accuracy', 0.7997600479904019), ('Precision', 0.021231422505307854), ('Recall', 0.046168051708217916), ('F1 Score', 0.02908667830133799), ('Specificity', 0.8521203567075126), ('NPV', 0.9278379322389102), ('FPR', 0.14787964329248732), ('FDR', 0.9787685774946921), ('MCC', -0.07197386323784072), ('Confusion Matrix', (13282, 2305, 1033, 50)), ('ROC_AUC', 0.4749989055562259), ('AUCPR', 0.05602788328223825)]",1083
